用例ID,阶段,模块,功能ID,测试类型,前置条件,测试步骤,预期结果,实际结果,结论,优先级,执行人,执行日期,证据路径,备注
UAT-20260219-001,Phase-1,公共模块,F-WEB-COMMON-001,单元测试,测试环境可运行pytest,执行python -m pytest -q tests/test_web_common.py,所有公共逻辑测试通过,8 passed,通过,P0,AI,2026-02-19,tests/test_web_common.py,含新增挂载与未就绪分支
UAT-20260219-002,Phase-1,全项目,F-REGRESSION-001,全量回归,依赖安装完成,执行python -m pytest -q,回归通过且无新增失败,63 passed 1 skipped,通过,P0,AI,2026-02-19,tests/|core/|web/,当前基线
UAT-20260219-003,Phase-1,公共模块,F-WS-READY-001,分支测试,构造未初始化state,执行run_websocket_stream未就绪分支,应跳过推流且不发送数据,通过,通过,P1,AI,2026-02-19,tests/test_web_common.py,对应BUG-20260219-002
UAT-20260219-004,Phase-1,生命周期,F-LIFESPAN-001,告警收敛,开启warnings严格模式,执行python -m pytest -q -W error,不出现FastAPI旧事件告警,61 passed 1 skipped,通过,P1,AI,2026-02-19,web/app.py|web/device_app.py|web/single_grid_app.py,历史基线
UAT-20260219-005,Phase-1,模拟链路,F-SIM-PIPE-001,业务验收,手动照片集已准备,运行Web模拟检测并观察状态输出,模拟链路稳定运行并结果可展示,待执行,未执行,P0,待指派,待定,web/app.py|tests/test_integration.py,进行中任务
UAT-20260219-006,Phase-2,生产链路,F-PROD-PIPE-001,端到端,真实相机与PLC可用,执行生产链路采集检测写入,链路稳定且可回滚,待执行,阻塞,P0,待指派,待定,drivers/hikvision_camera.py|plc/allen_bradley.py,受阶段门禁限制
UAT-20260219-007,Phase-1,接口契约,F-API-CONTRACT-001,单元测试,Web应用可导入,执行python -m pytest -q tests/test_web_routes_contract.py,三套Web路由契约全部通过,3 passed,通过,P0,AI,2026-02-19,tests/test_web_routes_contract.py,新增契约回归
UAT-20260219-008,Phase-1,全项目,F-REGRESSION-002,全量回归,依赖安装完成,执行python -m pytest -q,回归通过且无新增失败,66 passed 1 skipped,通过,P0,AI,2026-02-19,tests/|web/|core/,包含契约测试新增后基线
UAT-20260219-009,Phase-1,测试数据,F-SAMPLE-AUDIT-001,数据盘点,样本目录可访问,统计tests/mock_data tests/test_images tests/sample_only样本量与分类,输出样本分布与缺口建议,完成,通过,P1,AI,2026-02-19,handoff/模拟样本盘点.md|handoff/数据集与标注表.csv,支撑WP-004C补样
